,Órgão,quem_falou,Atribuição,porcentagem
0,GATE,28,45,62.0
1,CENPE,24,44,55.00000000000001
2,CADG,17,43,40.0
3,STIC,17,41,41.0
4,INOVA,16,43,37.0
5,IEP,13,45,28.999999999999996
6,CSI,11,44,25.0
