,index,Quem_faz_x,Quem_faz_y,Porcentagem
0,GATE,6,9,67.0
0,CENPE,5,10,50.0
0,CADG,6,7,86.0
0,STIC,7,12,57.99999999999999
0,CSI,3,13,23.0
0,IEP,3,12,25.0
0,INOVA,5,9,56.00000000000001
