,index,N_consolidado,total_N_consolidado,Porcentagem
0,GATE,6,19,32.0
0,CENPE,5,17,28.999999999999996
0,CADG,7,23,30.0
0,STIC,8,22,36.0
0,CSI,3,27,11.0
0,IEP,5,26,19.0
0,INOVA,5,17,28.999999999999996
